,n_samples,training_time,epoch_time,stride
0,10,2399.3,23.993,1
1,10,271.2,2.712,10
2,50,2350.8,23.508000000000006,1
3,50,276.5,2.765,10
4,100,2367.7,23.677,1
5,100,278.6,2.786,10
6,150,2365.3,23.653,1
7,150,294.3,2.943,10
8,200,2444.9,24.449,1
9,200,273.2,2.732,10
10,250,2409.3,24.093000000000004,1
11,250,270.7,2.707,10
