,n_samples,training_time,epoch_time,stride
0,8,2385.2,11.926,1
1,8,219.20000000000002,1.096,10
2,16,2524.2000000000003,12.621,1
3,16,236.39999999999998,1.182,10
4,32,2865.8,14.329,1
5,32,292.8,1.464,10
6,64,3541.2,17.706,1
7,64,387.8,1.939,10
8,128,4786.8,23.934,1
9,128,601.1999999999999,3.006,10
