,n_samples,training_time,epoch_time,stride
0,8,1192.6,11.926,1
1,8,109.60000000000001,1.096,10
2,16,1262.1000000000001,12.621,1
3,16,118.19999999999999,1.182,10
4,32,1432.9,14.329,1
5,32,146.4,1.464,10
6,64,1770.6,17.706,1
7,64,193.9,1.939,10
8,128,2393.4,23.934,1
9,128,300.59999999999997,3.006,10
