,n_samples,training_time,epoch_time,stride
0,10,3320.7999999999997,16.604,1
1,10,441.0,2.205,10
2,50,3305.6,16.528,1
3,50,439.20000000000005,2.196,10
4,100,3314.3999999999996,16.572,1
5,100,442.0,2.21,10
6,150,3382.8,16.914,1
7,150,442.0,2.21,10
8,200,3364.3999999999996,16.822,1
9,200,442.6,2.213,10
10,250,3279.8,16.399,1
11,250,442.0,2.21,10
